customer_id,visit_date,visit_delta,visit_spend
40,04-04-10,NA,44.83
40,06-04-10,2,69.68
40,19-04-10,13,44.61
40,01-05-10,12,30.39
40,02-05-10,1,60.73
40,12-05-10,10,50
40,15-05-10,3,3
40,18-05-10,3,36.89
40,19-05-10,1,9.07
40,23-05-10,4,14.01
40,26-05-10,3,16.97
40,31-05-10,5,8.69
40,01-06-10,1,18.32
40,04-06-10,3,52.13
40,05-06-10,1,44.88
40,15-06-10,10,16.56
40,16-06-10,1,23.48
40,17-06-10,1,13.85
40,21-06-10,4,28.04
40,27-06-10,6,84.66
40,02-07-10,5,23.75
40,03-07-10,1,31.66
40,19-07-10,16,14.5
40,10-08-10,22,22.68
40,12-08-10,2,22.06
40,17-08-10,5,13.14
40,19-08-10,2,16.71
40,23-08-10,4,12.68
40,26-08-10,3,45.1
40,04-09-10,9,5.04
40,08-09-10,4,7.49
40,09-09-10,1,27.04
40,20-09-10,11,5.81
40,21-09-10,1,6.37
40,01-10-10,10,43.91
40,02-10-10,1,31.29
40,03-10-10,1,44.59
40,07-10-10,4,5.64
40,14-10-10,7,14.26
40,20-10-10,6,6.15
40,23-10-10,3,1.02
40,25-10-10,2,191.63
40,28-10-10,3,60.66
40,29-10-10,1,60.07
40,02-11-10,4,3.72
40,05-11-10,3,13.62
40,08-11-10,3,14.23
40,13-11-10,5,101.34
40,19-11-10,6,29.18
40,27-11-10,8,162.78
40,04-12-10,7,53.5
40,20-12-10,16,130.7
40,21-12-10,1,164.4
40,04-01-11,14,8.11
40,06-01-11,2,66.12
40,07-01-11,1,38.99
40,18-01-11,11,17.85
40,20-01-11,2,17.9
40,23-01-11,3,39.82
40,27-01-11,4,62.99
40,29-01-11,2,35.45
40,07-02-11,9,4.64
40,14-02-11,7,82.26
40,17-02-11,3,2
40,21-02-11,4,4.87
40,23-02-11,2,22.07
40,28-02-11,5,69.3
40,03-03-11,3,7.1
40,04-03-11,1,61
40,07-03-11,3,25.83
40,10-03-11,3,14.17
40,15-03-11,5,18.38
40,20-03-11,5,23.45
79,07-04-10,NA,150.87
79,17-04-10,10,101.9
79,02-05-10,15,111.9
79,18-05-10,16,77.98
79,24-05-10,6,10
79,25-05-10,1,109.68
79,29-05-10,4,64.04
79,31-05-10,2,15
79,05-06-10,5,172.59
79,19-06-10,14,238.6
79,21-06-10,2,25
79,01-07-10,10,60.56
79,02-07-10,1,61.27
79,03-07-10,1,26.87
79,05-07-10,2,36
79,06-07-10,1,111.9
79,11-07-10,5,137.5
79,13-07-10,2,14.41
79,24-07-10,11,152.45
79,31-07-10,7,176.82
79,13-08-10,13,110.64
79,14-08-10,1,20
79,19-08-10,5,116.9
79,27-08-10,8,7.8
79,05-09-10,9,20
79,06-09-10,1,153.38
79,13-09-10,7,19.38
79,15-09-10,2,117.91
79,18-09-10,3,137.9
79,28-09-10,10,10
79,01-10-10,3,19.49
79,13-10-10,12,137.89
79,18-10-10,5,60
79,22-10-10,4,13.47
79,09-11-10,18,155.36
79,11-12-10,32,36.58
79,14-12-10,3,4.5
79,23-12-10,9,40.55
79,01-01-11,9,81.7
79,07-01-11,6,114.7
79,22-01-11,15,65.14
79,24-01-11,2,167.24
79,26-01-11,2,2.99
79,08-02-11,13,50
79,19-02-11,11,115.47
79,02-03-11,11,97.65
79,08-03-11,6,9.83
79,18-03-11,10,7.59
79,19-03-11,1,152.31
79,26-03-11,7,22.54
119,01-04-10,NA,20
119,02-04-10,1,4.84
119,03-04-10,1,57.62
119,07-04-10,4,20
119,11-04-10,4,32.7
119,12-04-10,1,20
119,19-04-10,7,15.83
119,23-04-10,4,20
119,30-04-10,7,60.98
119,01-05-10,1,6.75
119,04-05-10,3,2.5
119,06-05-10,2,27.45
119,10-05-10,4,4.98
119,13-05-10,3,14.23
119,15-05-10,2,20.92
119,16-05-10,1,15.01
119,22-05-10,6,26.29
119,29-05-10,7,29.8
119,31-05-10,2,1.84
119,02-06-10,2,20
119,08-06-10,6,20
119,10-06-10,2,7.77
119,12-06-10,2,21.48
119,14-06-10,2,20.49
119,18-06-10,4,9.47
119,22-06-10,4,27.96
119,23-06-10,1,4.47
119,27-06-10,4,20.47
119,30-06-10,3,15.46
119,03-07-10,3,11.66
119,06-07-10,3,2.26
119,09-07-10,3,20
119,15-07-10,6,4.83
119,17-07-10,2,30.32
119,23-07-10,6,20
119,26-07-10,3,24.81
119,31-07-10,5,46.06
119,13-08-10,13,3.6
119,14-08-10,1,20
119,16-08-10,2,6.71
119,18-08-10,2,20
119,23-08-10,5,20.01
119,25-08-10,2,6.95
119,31-08-10,6,2.64
119,02-09-10,2,29.43
119,04-09-10,2,6.8
119,17-09-10,13,44.63
119,21-09-10,4,2.64
119,23-09-10,2,9.12
119,26-09-10,3,21.77
119,02-10-10,6,29.11
119,05-10-10,3,20
119,12-10-10,7,36.61
119,17-10-10,5,1.95
119,22-10-10,5,15.01
119,24-10-10,2,26.31
119,30-10-10,6,54.83
119,31-10-10,1,1.5
119,05-11-10,5,15.93
119,07-11-10,2,21.95
119,14-11-10,7,2.2
119,16-11-10,2,20.5
119,17-11-10,1,39.35
119,21-11-10,4,1.5
119,24-11-10,3,20.03
119,28-11-10,4,20
119,03-12-10,5,30.11
119,16-12-10,13,20.01
119,18-12-10,2,55.06
119,19-12-10,1,1.5
119,24-12-10,5,31.7
119,08-01-11,15,5.73
119,15-01-11,7,68.94
119,16-01-11,1,5.44
119,20-01-11,4,22.03
119,26-01-11,6,53.73
119,29-01-11,3,10
119,03-02-11,5,20
119,06-02-11,3,38.28
119,08-02-11,2,2.48
119,10-02-11,2,17.5
119,13-02-11,3,1.95
119,15-02-11,2,17
119,17-02-11,2,21.1
119,20-02-11,3,21.5
119,26-02-11,6,39.17
119,01-03-11,3,10.69
119,12-03-11,11,36.36
119,19-03-11,7,59.95
119,27-03-11,8,41.19
123,02-04-10,NA,66.94
123,06-04-10,4,64.51
123,09-04-10,3,49.49
123,10-04-10,1,43.48
123,14-04-10,4,67.26
123,15-04-10,1,91.87
123,19-04-10,4,26.23
123,21-04-10,2,21.71
123,22-04-10,1,14.55
123,23-04-10,1,76.38
123,26-04-10,3,17.76
123,28-04-10,2,13.05
123,29-04-10,1,53.73
123,30-04-10,1,62.84
123,02-05-10,2,6.35
123,04-05-10,2,16.36
123,06-05-10,2,102.64
123,07-05-10,1,89.55
123,12-05-10,5,36.51
123,14-05-10,2,111.28
123,19-05-10,5,25.68
123,21-05-10,2,98.01
123,22-05-10,1,38.3
123,26-05-10,4,10.19
123,28-05-10,2,100.91
123,30-05-10,2,21.26
123,02-06-10,3,25
123,05-06-10,3,63.29
123,06-06-10,1,40.19
123,09-06-10,3,18.25
123,11-06-10,2,79.26
123,15-06-10,4,20.52
123,18-06-10,3,110.57
123,21-06-10,3,4.85
123,22-06-10,1,63.81
123,25-06-10,3,96.39
123,29-06-10,4,43.84
123,02-07-10,3,83.16
123,07-07-10,5,26.39
123,10-07-10,3,85.69
123,14-07-10,4,16.61
123,16-07-10,2,89.79
123,20-07-10,4,13.97
123,22-07-10,2,70.52
123,23-07-10,1,19.56
123,24-07-10,1,77.58
123,27-07-10,3,5.71
123,28-07-10,1,23.26
123,31-07-10,3,75.87
123,04-08-10,4,22.34
123,06-08-10,2,73.97
123,10-08-10,4,74.51
123,13-08-10,3,95.23
123,15-08-10,2,21.58
123,17-08-10,2,18.13
123,19-08-10,2,26.88
123,20-08-10,1,5.29
123,21-08-10,1,63.64
123,25-08-10,4,42.1
123,26-08-10,1,4.38
123,27-08-10,1,70.38
123,31-08-10,4,6.88
123,01-09-10,1,33.1
123,03-09-10,2,62.08
123,04-09-10,1,61.14
123,05-09-10,1,8.55
123,15-09-10,10,11.76
123,16-09-10,1,27.43
123,17-09-10,1,70.46
123,21-09-10,4,21.09
123,24-09-10,3,74.8
123,25-09-10,1,35.04
123,27-09-10,2,20.03
123,29-09-10,2,5.3
123,01-10-10,2,92.11
123,05-10-10,4,39.83
123,07-10-10,2,15.94
123,08-10-10,1,74.88
123,11-10-10,3,76.45
123,12-10-10,1,34.47
123,13-10-10,1,40.03
123,15-10-10,2,42.03
123,16-10-10,1,118.87
123,18-10-10,2,21.3
123,21-10-10,3,32.89
123,22-10-10,1,88.95
123,26-10-10,4,32.69
123,27-10-10,1,11.39
123,29-10-10,2,101.13
123,02-11-10,4,98.52
123,03-11-10,1,5.05
123,05-11-10,2,90.65
123,09-11-10,4,18.42
123,12-11-10,3,113.74
123,16-11-10,4,15.01
123,18-11-10,2,41.93
123,19-11-10,1,104.17
123,20-11-10,1,6.57
123,22-11-10,2,19.79
123,23-11-10,1,11.51
123,25-11-10,2,4.62
123,26-11-10,1,105.98
123,27-11-10,1,33.78
123,30-11-10,3,27.95
123,03-12-10,3,135.96
123,06-12-10,3,11.03
123,08-12-10,2,5.2
123,10-12-10,2,94.26
123,13-12-10,3,11.19
123,15-12-10,2,2.05
123,16-12-10,1,7.73
123,17-12-10,1,15.72
123,18-12-10,1,103.23
123,20-12-10,2,49.74
123,21-12-10,1,99.47
123,23-12-10,2,57.04
123,24-12-10,1,29.78
123,27-12-10,3,35.84
123,29-12-10,2,43.96
123,03-01-11,5,33.45
123,05-01-11,2,25.02
123,06-01-11,1,40.28
123,08-01-11,2,77.86
123,11-01-11,3,8.15
123,14-01-11,3,97.45
123,17-01-11,3,11.44
123,18-01-11,1,54.76
123,21-01-11,3,60.77
123,25-01-11,4,12.68
123,27-01-11,2,49.09
123,28-01-11,1,91.25
123,01-02-11,4,35.2
123,04-02-11,3,71.17
123,07-02-11,3,67.17
123,08-02-11,1,30.57
123,11-02-11,3,33.48
123,12-03-11,29,49.07
123,14-03-11,2,60.99
123,17-03-11,3,16.67
123,19-03-11,2,136.62
123,22-03-11,3,9.71
123,23-03-11,1,24.58
123,24-03-11,1,1.7
123,25-03-11,1,99.28
123,26-03-11,1,32.39
123,30-03-11,4,24.77
134,01-04-10,NA,50.32
134,03-04-10,2,59.54
134,07-04-10,4,17.18
134,10-04-10,3,25.48
134,12-04-10,2,2.35
134,13-04-10,1,15.36
134,14-04-10,1,10.66
134,16-04-10,2,10.84
134,17-04-10,1,34.62
134,20-04-10,3,2.4
134,21-04-10,1,9.78
134,22-04-10,1,32.22
134,23-04-10,1,16.42
134,24-04-10,1,40.82
134,26-04-10,2,22.21
134,27-04-10,1,12.83
134,30-04-10,3,138.16
134,01-05-10,1,40.59
134,02-05-10,1,5.51
134,03-05-10,1,21.73
134,04-05-10,1,9.92
134,05-05-10,1,5.52
134,06-05-10,1,58.49
134,07-05-10,1,7.99
134,08-05-10,1,16.68
134,10-05-10,2,17.55
134,11-05-10,1,3.43
134,12-05-10,1,37.79
134,13-05-10,1,1.96
134,14-05-10,1,7.26
134,15-05-10,1,31.67
134,16-05-10,1,5.76
134,18-05-10,2,11.27
134,19-05-10,1,28.59
134,20-05-10,1,27.56
134,21-05-10,1,12.02
134,22-05-10,1,63.61
134,24-05-10,2,25.14
134,25-05-10,1,25.03
134,27-05-10,2,10.36
134,28-05-10,1,117.14
134,29-05-10,1,57.72
134,30-05-10,1,17.65
134,31-05-10,1,13.64
134,02-06-10,2,11.07
134,03-06-10,1,31.89
134,05-06-10,2,7.57
134,08-06-10,3,7.68
134,09-06-10,1,14.71
134,11-06-10,2,24.8
134,12-06-10,1,17.82
134,13-06-10,1,14.21
134,15-06-10,2,43.17
134,16-06-10,1,20.86
134,17-06-10,1,36.61
134,18-06-10,1,5
134,19-06-10,1,52.38
134,21-06-10,2,8.59
134,22-06-10,1,32.16
134,23-06-10,1,23.11
134,24-06-10,1,10.99
134,25-06-10,1,38.66
134,26-06-10,1,78.71
134,27-06-10,1,17.38
134,29-06-10,2,45.99
134,30-06-10,1,30.78
134,02-07-10,2,23.76
134,03-07-10,1,25.54
134,05-07-10,2,16.1
134,06-07-10,1,47.95
134,09-07-10,3,20.67
134,10-07-10,1,50.79
134,13-07-10,3,28.33
134,14-07-10,1,24.89
134,15-07-10,1,14.01
134,17-07-10,2,49.73
134,19-07-10,2,38.22
134,20-07-10,1,2
134,22-07-10,2,26.24
134,23-07-10,1,20.62
134,24-07-10,1,10.61
134,25-07-10,1,23.68
134,26-07-10,1,6.9
134,27-07-10,1,66.02
134,28-07-10,1,11.61
134,29-07-10,1,14.74
134,30-07-10,1,9.76
134,31-07-10,1,65.44
134,02-08-10,2,75.07
134,03-08-10,1,15.8
134,04-08-10,1,22.42
134,05-08-10,1,11.15
134,06-08-10,1,32.87
134,07-08-10,1,22.61
134,08-08-10,1,23.2
134,09-08-10,1,17.62
134,10-08-10,1,15.94
134,11-08-10,1,20.65
134,12-08-10,1,3.62
134,13-08-10,1,1.91
134,14-08-10,1,52.49
134,16-08-10,2,4.72
134,17-08-10,1,35.34
134,18-08-10,1,33.96
134,19-08-10,1,5.24
134,20-08-10,1,26.83
134,21-08-10,1,2.4
134,22-08-10,1,17.7
134,23-08-10,1,22.74
134,24-08-10,1,34.49
134,25-08-10,1,6.68
134,26-08-10,1,30.36
134,27-08-10,1,25.63
134,28-08-10,1,70.86
134,29-08-10,1,69.46
134,31-08-10,2,32.68
134,01-09-10,1,14.51
134,02-09-10,1,15.04
134,03-09-10,1,5.47
134,04-09-10,1,31.85
134,05-09-10,1,19.63
134,06-09-10,1,10.15
134,07-09-10,1,29.75
134,08-09-10,1,7.21
134,09-09-10,1,5
134,11-09-10,2,91.2
134,12-09-10,1,5.49
134,13-09-10,1,22.73
134,16-09-10,3,6.34
134,17-09-10,1,10.28
134,18-09-10,1,46.41
134,20-09-10,2,9.77
134,21-09-10,1,6.36
134,22-09-10,1,33.67
134,23-09-10,1,7.9
134,25-09-10,2,85.18
134,26-09-10,1,5
134,27-09-10,1,10.05
134,28-09-10,1,6.33
134,29-09-10,1,25.16
134,30-09-10,1,64.33
134,01-10-10,1,17.39
134,02-10-10,1,49.39
134,03-10-10,1,8.83
134,04-10-10,1,10.68
134,06-10-10,2,13.83
134,07-10-10,1,19.11
134,08-10-10,1,10.65
134,09-10-10,1,32.73
134,10-10-10,1,10.01
134,11-10-10,1,16.26
134,12-10-10,1,23.56
134,13-10-10,1,5
134,15-10-10,2,17.02
134,16-10-10,1,120.97
134,18-10-10,2,3.23
134,19-10-10,1,26.33
134,20-10-10,1,7.1
134,23-10-10,3,35.24
134,25-10-10,2,37.74
134,26-10-10,1,54.26
134,27-10-10,1,7.9
134,29-10-10,2,138.57
134,30-10-10,1,28.88
134,31-10-10,1,13.67
134,01-11-10,1,23.09
134,02-11-10,1,12.1
134,03-11-10,1,10.44
134,04-11-10,1,20.89
134,05-11-10,1,21.6
134,06-11-10,1,72.2
134,07-11-10,1,6.08
134,08-11-10,1,4.03
134,09-11-10,1,20.59
134,10-11-10,1,5
134,11-11-10,1,1.1
134,12-11-10,1,1.71
134,13-11-10,1,38.79
134,14-11-10,1,21.2
134,16-11-10,2,26.49
134,17-11-10,1,7.94
134,19-11-10,2,5.46
134,20-11-10,1,23.82
134,22-11-10,2,13.54
134,23-11-10,1,26.96
134,24-11-10,1,5.25
134,26-11-10,2,29.75
134,27-11-10,1,95.83
134,29-11-10,2,12.7
134,30-11-10,1,68.9
134,01-12-10,1,26.5
134,02-12-10,1,13.96
134,03-12-10,1,28.14
134,04-12-10,1,92.03
134,06-12-10,2,32.55
134,07-12-10,1,98.93
134,09-12-10,2,3.44
134,10-12-10,1,0.29
134,11-12-10,1,110.6
134,12-12-10,1,2
134,13-12-10,1,4.73
134,14-12-10,1,12.26
134,15-12-10,1,10.03
134,16-12-10,1,17.65
134,17-12-10,1,19.45
134,18-12-10,1,53.64
134,20-12-10,2,64.25
134,21-12-10,1,3.08
134,22-12-10,1,14.65
134,23-12-10,1,12.91
134,24-12-10,1,167.87
134,27-12-10,3,1.08
134,28-12-10,1,6.5
134,29-12-10,1,0.98
134,31-12-10,2,160.09
134,03-01-11,3,42.32
134,04-01-11,1,3.75
134,07-01-11,3,16.58
134,08-01-11,1,39.05
134,11-01-11,3,23.63
134,13-01-11,2,5.46
134,15-01-11,2,24.11
134,18-01-11,3,34.01
134,20-01-11,2,35.74
134,21-01-11,1,16.79
134,22-01-11,1,33.43
134,23-01-11,1,10.42
134,24-01-11,1,7.49
134,27-01-11,3,35.93
134,28-01-11,1,15.27
134,29-01-11,1,90.67
134,31-01-11,2,7.08
134,01-02-11,1,54.77
134,02-02-11,1,14.64
134,03-02-11,1,14.46
134,04-02-11,1,10
134,05-02-11,1,1.99
134,07-02-11,2,10.54
134,08-02-11,1,49.24
134,10-02-11,2,9.86
134,11-02-11,1,3.36
134,12-02-11,1,44.4
134,15-02-11,3,45.58
134,17-02-11,2,7.5
134,18-02-11,1,18.08
134,19-02-11,1,32.39
134,20-02-11,1,26.05
134,21-02-11,1,2.35
134,22-02-11,1,38.78
134,23-02-11,1,33.84
134,24-02-11,1,21.64
134,25-02-11,1,6.86
134,26-02-11,1,121.16
134,27-02-11,1,1.9
134,01-03-11,2,28.06
134,03-03-11,2,5.38
134,04-03-11,1,1.48
134,05-03-11,1,37.84
134,07-03-11,2,7.25
134,08-03-11,1,53.78
134,09-03-11,1,34.52
134,12-03-11,3,38.76
134,14-03-11,2,16.44
134,15-03-11,1,60.25
134,16-03-11,1,21.7
134,17-03-11,1,38.59
134,18-03-11,1,22.94
134,19-03-11,1,8.15
134,21-03-11,2,7.72
134,22-03-11,1,39.62
134,23-03-11,1,8.18
134,24-03-11,1,16
134,25-03-11,1,15.25
134,26-03-11,1,25.02
134,28-03-11,2,9.35
134,29-03-11,1,17.98
134,31-03-11,2,39.75
140,01-04-10,NA,29.26
140,03-04-10,2,103.03
140,05-04-10,2,25.78
140,06-04-10,1,4.45
140,08-04-10,2,33.89
140,10-04-10,2,60.31
140,12-04-10,2,1.42
140,15-04-10,3,78.8
140,17-04-10,2,81.99
140,22-04-10,5,69.02
140,23-04-10,1,4.49
140,24-04-10,1,76.51
140,25-04-10,1,25.65
140,29-04-10,4,55.63
140,01-05-10,2,19.2
140,02-05-10,1,13.4
140,03-05-10,1,73.34
140,06-05-10,3,56.23
140,08-05-10,2,68.48
140,09-05-10,1,17.99
140,13-05-10,4,54.46
140,14-05-10,1,11.39
140,15-05-10,1,155.36
140,16-05-10,1,4.47
140,18-05-10,2,1.95
140,19-05-10,1,13.99
140,22-05-10,3,131.26
140,25-05-10,3,1.98
140,27-05-10,2,82.49
140,29-05-10,2,69.88
140,30-05-10,1,11.85
140,31-05-10,1,16.64
140,03-06-10,3,45.22
140,05-06-10,2,83.03
140,07-06-10,2,1.49
140,08-06-10,1,2.76
140,09-06-10,1,2.95
140,10-06-10,1,67.79
140,12-06-10,2,63.32
140,17-06-10,5,44.77
140,19-06-10,2,100.51
140,22-06-10,3,18.09
140,24-06-10,2,47.03
140,26-06-10,2,103.24
140,27-06-10,1,12.69
140,01-07-10,4,76.31
140,03-07-10,2,100.83
140,08-07-10,5,68.68
140,09-07-10,1,5.05
140,10-07-10,1,61.47
140,13-07-10,3,11.39
140,15-07-10,2,69.79
140,17-07-10,2,51.61
140,19-07-10,2,11.33
140,22-07-10,3,57.42
140,24-07-10,2,62.07
140,28-07-10,4,1.56
140,29-07-10,1,93.62
140,31-07-10,2,89.83
140,05-08-10,5,60.65
140,07-08-10,2,73.41
140,08-08-10,1,6.84
140,10-08-10,2,18.21
140,12-08-10,2,68.78
140,14-08-10,2,62.11
140,17-08-10,3,7.47
140,19-08-10,2,58.82
140,21-08-10,2,74.49
140,26-08-10,5,81.91
140,28-08-10,2,9
140,30-08-10,2,71.63
140,31-08-10,1,1.29
140,02-09-10,2,18.86
140,04-09-10,2,99.66
140,05-09-10,1,4.97
140,09-09-10,4,32.48
140,12-09-10,3,154.16
140,13-09-10,1,5
140,16-09-10,3,33.84
140,18-09-10,2,72.75
140,20-09-10,2,1.6
140,23-09-10,3,113.62
140,25-09-10,2,85.78
140,28-09-10,3,2
140,30-09-10,2,62.42
140,02-10-10,2,106.73
140,04-10-10,2,6.99
140,06-10-10,2,2.11
140,07-10-10,1,79.67
140,09-10-10,2,69.43
140,14-10-10,5,53.21
140,16-10-10,2,105.92
140,21-10-10,5,79.53
140,23-10-10,2,93.32
140,28-10-10,5,56.75
140,29-10-10,1,9.37
140,30-10-10,1,86.06
140,31-10-10,1,4.27
140,04-11-10,4,101.45
140,06-11-10,2,145.48
140,07-11-10,1,1.35
140,10-11-10,3,2
140,11-11-10,1,59.17
140,13-11-10,2,83.49
140,16-11-10,3,40.41
140,17-11-10,1,1.26
140,18-11-10,1,47.15
140,20-11-10,2,72.73
140,24-11-10,4,47.95
140,27-11-10,3,111.24
140,29-11-10,2,1.75
140,30-11-10,1,1.98
140,01-12-10,1,46.98
140,04-12-10,3,169.85
140,07-12-10,3,8
140,08-12-10,1,53.87
140,11-12-10,3,104.89
140,14-12-10,3,4.42
140,16-12-10,2,77.61
140,17-12-10,1,1.98
140,18-12-10,1,106.05
140,23-12-10,5,71.73
140,24-12-10,1,37.27
140,27-12-10,3,27.66
140,29-12-10,2,3.75
140,30-12-10,1,53.54
140,01-01-11,2,141.56
140,05-01-11,4,8.5
140,06-01-11,1,66.8
140,08-01-11,2,79.14
140,13-01-11,5,65.19
140,15-01-11,2,73.22
140,16-01-11,1,1.5
140,19-01-11,3,44.22
140,20-01-11,1,2.5
140,21-01-11,1,4.55
140,22-01-11,1,82.92
140,25-01-11,3,20.14
140,27-01-11,2,53.69
140,29-01-11,2,96.99
140,02-02-11,4,62.16
140,04-02-11,2,4.21
140,05-02-11,1,88.03
140,09-02-11,4,5.58
140,10-02-11,1,46.22
140,13-02-11,3,101.82
140,17-02-11,4,52.49
140,19-02-11,2,63.45
140,20-02-11,1,1.5
140,22-02-11,2,2.54
140,23-02-11,1,68.79
140,26-02-11,3,15.24
140,27-02-11,1,92.8
140,02-03-11,3,51.76
140,03-03-11,1,3.19
140,05-03-11,2,79.92
140,09-03-11,4,40.63
140,12-03-11,3,121.42
140,14-03-11,2,11.99
140,16-03-11,2,34.29
140,20-03-11,4,42.36
140,21-03-11,1,27.26
140,22-03-11,1,23.27
140,24-03-11,2,41.78
140,26-03-11,2,62.57
140,30-03-11,4,68.9
148,02-04-10,NA,22.39
148,06-04-10,4,3.88
148,09-04-10,3,4
148,12-04-10,3,6.91
148,13-04-10,1,1.24
148,14-04-10,1,2.35
148,16-04-10,2,9.9
148,17-04-10,1,14.61
148,19-04-10,2,4.65
148,21-04-10,2,9.67
148,22-04-10,1,27.5
148,23-04-10,1,27.94
148,25-04-10,2,9.14
148,26-04-10,1,5.94
148,27-04-10,1,4.56
148,28-04-10,1,12.73
148,02-05-10,4,4.27
148,05-05-10,3,13.13
148,07-05-10,2,4.75
148,10-05-10,3,21.36
148,11-05-10,1,11.4
148,12-05-10,1,19.6
148,14-05-10,2,18.23
148,18-05-10,4,8.04
148,19-05-10,1,10.77
148,21-05-10,2,25.94
148,22-05-10,1,7.44
148,23-05-10,1,11.21
148,24-05-10,1,14.71
148,25-05-10,1,3.87
148,26-05-10,1,5.11
148,28-05-10,2,8.22
148,31-05-10,3,7.64
148,04-06-10,4,10.76
148,05-06-10,1,9.54
148,08-06-10,3,25.45
148,09-06-10,1,5.73
148,11-06-10,2,2.97
148,14-06-10,3,6.85
148,16-06-10,2,5.92
148,17-06-10,1,8.76
148,18-06-10,1,13.37
148,20-06-10,2,14.75
148,21-06-10,1,36.59
148,22-06-10,1,5.64
148,24-06-10,2,51.94
148,25-06-10,1,22
148,26-06-10,1,7.77
148,28-06-10,2,5.27
148,29-06-10,1,10
148,30-06-10,1,22.68
148,01-07-10,1,5.29
148,02-07-10,1,11.86
148,04-07-10,2,8.87
148,05-07-10,1,1.15
148,06-07-10,1,4.78
148,07-07-10,1,11.01
148,08-07-10,1,10.34
148,09-07-10,1,15.86
148,12-07-10,3,4.54
148,13-07-10,1,10.87
148,14-07-10,1,6.85
148,16-07-10,2,13.41
148,17-07-10,1,19.12
148,18-07-10,1,8.72
148,19-07-10,1,10
148,20-07-10,1,8.88
148,23-07-10,3,11.21
148,25-07-10,2,7.15
148,26-07-10,1,11.63
148,27-07-10,1,7.64
148,28-07-10,1,16.49
148,30-07-10,2,14.5
148,04-08-10,5,7.18
148,06-08-10,2,14.23
148,08-08-10,2,21.39
148,09-08-10,1,5.12
148,10-08-10,1,13.72
148,13-08-10,3,9.67
148,17-08-10,4,0.74
148,18-08-10,1,18.73
148,20-08-10,2,28.37
148,23-08-10,3,11.1
148,28-08-10,5,23.42
148,01-09-10,4,12.82
148,03-09-10,2,7.11
148,06-09-10,3,16.31
148,07-09-10,1,5.51
148,08-09-10,1,5.6
148,10-09-10,2,16.45
148,11-09-10,1,28.9
148,12-09-10,1,12.41
148,13-09-10,1,8.56
148,15-09-10,2,9.17
148,16-09-10,1,1.23
148,17-09-10,1,6.26
148,19-09-10,2,17.97
148,20-09-10,1,7.48
148,22-09-10,2,1.79
148,24-09-10,2,26.09
148,25-09-10,1,6.4
148,26-09-10,1,13.8
148,27-09-10,1,8.71
148,28-09-10,1,5.2
148,29-09-10,1,2
148,30-09-10,1,16.96
148,01-10-10,1,6.86
148,04-10-10,3,5.51
148,05-10-10,1,34.81
148,06-10-10,1,6.12
148,07-10-10,1,9.36
148,08-10-10,1,14.69
148,09-10-10,1,12.35
148,10-10-10,1,3.52
148,11-10-10,1,4.72
148,12-10-10,1,1.58
148,13-10-10,1,30.73
148,14-10-10,1,13.4
148,16-10-10,2,11.73
148,17-10-10,1,5.24
148,19-10-10,2,8.1
148,20-10-10,1,50.71
148,22-10-10,2,18.75
148,25-10-10,3,7.1
148,28-10-10,3,6.26
148,29-10-10,1,16.15
148,01-11-10,3,19.53
148,02-11-10,1,16.69
148,03-11-10,1,15.03
148,04-11-10,1,7.05
148,06-11-10,2,0.1
148,07-11-10,1,14.99
148,08-11-10,1,6.54
148,09-11-10,1,10.58
148,10-11-10,1,16.23
148,12-11-10,2,10.68
148,14-11-10,2,12.41
148,15-11-10,1,9.34
148,17-11-10,2,20.54
148,19-11-10,2,17.73
148,21-11-10,2,4.6
148,22-11-10,1,9.5
148,25-11-10,3,12.05
148,26-11-10,1,14.69
148,29-11-10,3,7.26
148,30-11-10,1,6.95
148,01-12-10,1,30.13
148,03-12-10,2,34.81
148,04-12-10,1,10
148,06-12-10,2,6.33
148,08-12-10,2,18.25
148,10-12-10,2,17.53
148,12-12-10,2,2.52
148,13-12-10,1,10
148,14-12-10,1,6.24
148,15-12-10,1,20.44
148,16-12-10,1,3.15
148,18-12-10,2,13.79
148,20-12-10,2,12.05
148,22-12-10,2,46.16
148,23-12-10,1,21.55
148,31-12-10,8,23.01
148,03-01-11,3,28.69
148,04-01-11,1,17.15
148,05-01-11,1,18.38
148,06-01-11,1,31.56
148,08-01-11,2,25.87
148,09-01-11,1,17.08
148,14-01-11,5,24.41
148,17-01-11,3,21.75
148,18-01-11,1,9.38
148,19-01-11,1,11.27
148,20-01-11,1,6.38
148,21-01-11,1,5.9
148,23-01-11,2,96
148,26-01-11,3,23.41
148,27-01-11,1,15.83
148,28-01-11,1,23.14
148,29-01-11,1,13.39
148,31-01-11,2,6.77
148,01-02-11,1,14.16
148,02-02-11,1,8.61
148,03-02-11,1,7.28
148,04-02-11,1,4.29
148,05-02-11,1,9.03
148,06-02-11,1,6.89
148,07-02-11,1,5.77
148,08-02-11,1,16.8
148,09-02-11,1,14.59
148,11-02-11,2,19.44
148,13-02-11,2,29.11
148,14-02-11,1,8.23
148,15-02-11,1,1.96
148,16-02-11,1,7.74
148,18-02-11,2,36.39
148,21-02-11,3,21.09
148,22-02-11,1,4.65
148,23-02-11,1,22.79
148,25-02-11,2,25.19
148,26-02-11,1,10.05
148,28-02-11,2,18.06
148,01-03-11,1,113.96
148,02-03-11,1,22.98
148,03-03-11,1,31.69
148,04-03-11,1,27.27
148,06-03-11,2,16.37
148,07-03-11,1,11.62
148,08-03-11,1,31.21
148,09-03-11,1,8.95
148,11-03-11,2,19.24
148,15-03-11,4,2.84
148,16-03-11,1,8.66
148,17-03-11,1,6.82
148,18-03-11,1,3.6
148,19-03-11,1,15.87
148,20-03-11,1,7.3
148,21-03-11,1,10.34
148,22-03-11,1,18.63
148,23-03-11,1,12.4
148,24-03-11,1,20
148,25-03-11,1,9.85
148,26-03-11,1,8.08
148,28-03-11,2,7.14
148,29-03-11,1,21.11
148,30-03-11,1,11.26
149,07-04-10,NA,68.34
149,19-04-10,12,18.6
149,21-04-10,2,22.18
149,22-04-10,1,14.74
149,28-04-10,6,131.08
149,01-05-10,3,40.05
149,12-05-10,11,68.43
149,13-05-10,1,8.34
149,23-05-10,10,92.8
149,28-05-10,5,7.86
149,01-06-10,4,18.55
149,16-06-10,15,38.27
149,17-06-10,1,54.11
149,19-06-10,2,49.49
149,27-06-10,8,74.72
149,29-06-10,2,76.9
149,10-07-10,11,54.09
149,14-07-10,4,27.98
149,16-07-10,2,1.37
149,19-07-10,3,79.24
149,24-07-10,5,8.28
149,28-07-10,4,37.91
149,09-08-10,12,39.31
149,13-08-10,4,48.64
149,16-08-10,3,5
149,18-08-10,2,4.1
149,20-08-10,2,77.02
149,23-08-10,3,61.29
149,24-08-10,1,23.3
149,26-08-10,2,58.49
149,30-08-10,4,30
149,01-09-10,2,69.44
149,02-09-10,1,30.12
149,06-09-10,4,5.7
149,11-09-10,5,63.74
149,14-09-10,3,63.74
149,16-09-10,2,28.71
149,23-09-10,7,69.3
149,28-09-10,5,46.96
149,01-10-10,3,78.08
149,04-10-10,3,44.23
149,12-10-10,8,38.08
149,21-10-10,9,99.51
149,26-10-10,5,76.8
149,03-11-10,8,50.4
149,18-11-10,15,36.25
149,02-12-10,14,1.5
149,12-12-10,10,56.81
149,13-12-10,1,40.28
149,17-12-10,4,51.9
149,18-12-10,1,37.15
149,20-12-10,2,21.44
149,07-01-11,18,10.04
149,08-02-11,32,31.04
149,09-02-11,1,88.87
149,21-02-11,12,15.47
149,24-02-11,3,47.32
149,25-02-11,1,14.49
149,27-02-11,2,39.92
149,08-03-11,9,15.88
149,15-03-11,7,91.97
149,29-03-11,14,53.85
149,30-03-11,1,43.55
168,01-04-10,NA,16.31
168,02-04-10,1,15.57
168,03-04-10,1,13.81
168,08-04-10,5,36.65
168,10-04-10,2,68.12
168,14-04-10,4,9.36
168,15-04-10,1,5.15
168,17-04-10,2,15.55
168,20-04-10,3,18.01
168,21-04-10,1,12.02
168,22-04-10,1,5.44
168,23-04-10,1,4.89
168,26-04-10,3,43.5
168,27-04-10,1,6.02
168,29-04-10,2,33.58
168,02-05-10,3,16.08
168,04-05-10,2,6.76
168,05-05-10,1,3.89
168,06-05-10,1,15.98
168,07-05-10,1,14.76
168,08-05-10,1,20.38
168,10-05-10,2,60.28
168,15-05-10,5,32.65
168,17-05-10,2,99.9
168,18-05-10,1,32.42
168,19-05-10,1,3.4
168,21-05-10,2,90.31
168,24-05-10,3,50.45
168,25-05-10,1,4.62
168,26-05-10,1,24.94
168,28-05-10,2,5.6
168,29-05-10,1,8.97
168,01-06-10,3,4.86
168,02-06-10,1,12.55
168,03-06-10,1,155.56
168,08-06-10,5,17.13
168,09-06-10,1,29.81
168,10-06-10,1,36.84
168,15-06-10,5,4.52
168,16-06-10,1,2.99
168,17-06-10,1,5.99
168,19-06-10,2,52.97
168,21-06-10,2,16.56
168,22-06-10,1,4.99
168,24-06-10,2,32.48
168,26-06-10,2,17.77
168,30-06-10,4,4.22
168,01-07-10,1,11.32
168,03-07-10,2,8.76
168,05-07-10,2,42.53
168,06-07-10,1,2.36
168,07-07-10,1,68.24
168,08-07-10,1,39.84
168,09-07-10,1,16.1
168,13-07-10,4,4.77
168,14-07-10,1,20.92
168,15-07-10,1,2.52
168,17-07-10,2,22.1
168,18-07-10,1,23.34
168,20-07-10,2,15.99
168,21-07-10,1,3.11
168,22-07-10,1,53.53
168,23-07-10,1,10.81
168,25-07-10,2,20
168,27-07-10,2,3.12
168,28-07-10,1,13.8
168,29-07-10,1,26.43
168,30-07-10,1,23.98
168,31-07-10,1,13.7
168,06-08-10,6,29.5
168,16-08-10,10,61.33
168,17-08-10,1,39.25
168,18-08-10,1,30.24
168,20-08-10,2,10.77
168,21-08-10,1,4.9
168,25-08-10,4,6.61
168,27-08-10,2,26.03
168,01-09-10,5,15
168,02-09-10,1,22.45
168,03-09-10,1,42.43
168,09-09-10,6,15.76
168,10-09-10,1,19.01
168,14-09-10,4,53.92
168,16-09-10,2,4.64
168,21-09-10,5,5.02
168,25-09-10,4,28.8
168,30-09-10,5,21.19
168,02-10-10,2,17.53
168,07-10-10,5,22.23
168,09-10-10,2,27.93
168,10-10-10,1,34.34
168,12-10-10,2,4.13
168,14-10-10,2,28.23
168,16-10-10,2,26.62
168,25-10-10,9,14.25
168,26-10-10,1,6.71
168,27-10-10,1,13.65
168,28-10-10,1,13.02
168,29-10-10,1,74.31
168,30-10-10,1,6.94
168,02-11-10,3,35.95
168,04-11-10,2,32.39
168,06-11-10,2,18.85
168,09-11-10,3,21.97
168,11-11-10,2,24.1
168,13-11-10,2,17.98
168,16-11-10,3,31.01
168,18-11-10,2,20.21
168,23-11-10,5,25.82
168,25-11-10,2,6.68
168,26-11-10,1,15.85
168,27-11-10,1,8.05
168,29-11-10,2,47.84
168,30-11-10,1,46.61
168,02-12-10,2,15.73
168,06-12-10,4,22.24
168,11-12-10,5,14.34
168,14-12-10,3,24.02
168,15-12-10,1,20.33
168,18-12-10,3,224.85
168,21-12-10,3,140.82
168,22-12-10,1,13.22
168,24-12-10,2,51.29
168,27-12-10,3,26.43
168,30-12-10,3,14.62
168,31-12-10,1,30.34
168,05-01-11,5,7.67
168,06-01-11,1,11.58
168,07-01-11,1,32.51
168,18-01-11,11,6.09
168,20-01-11,2,8.83
168,24-01-11,4,169.15
168,25-01-11,1,18.4
168,29-01-11,4,17.53
168,01-02-11,3,24.39
168,02-02-11,1,8.01
168,03-02-11,1,24.87
168,04-02-11,1,46.16
168,08-02-11,4,11.39
168,11-02-11,3,88.54
168,12-02-11,1,5.99
168,14-02-11,2,36.97
168,16-02-11,2,3.89
168,17-02-11,1,38.68
168,18-02-11,1,37.26
168,22-02-11,4,53.63
168,24-02-11,2,4.62
168,25-02-11,1,40.97
168,28-02-11,3,13.77
168,01-03-11,1,36.09
168,02-03-11,1,1.8
168,03-03-11,1,14.32
168,05-03-11,2,20.87
168,09-03-11,4,19.62
168,11-03-11,2,9.17
168,16-03-11,5,35.79
168,18-03-11,2,18.39
168,21-03-11,3,30
168,22-03-11,1,67.74
168,23-03-11,1,21.42
168,26-03-11,3,28.33
168,29-03-11,3,47.94
177,01-04-10,NA,98.84
177,14-04-10,13,99.58
177,29-04-10,15,95.82
177,08-05-10,9,81.39
177,19-05-10,11,63.05
177,09-06-10,21,63.48
177,21-06-10,12,73.29
177,02-07-10,11,108.86
177,18-07-10,16,55.12
177,23-07-10,5,66.12
177,04-08-10,12,49.3
177,13-08-10,9,85.81
177,26-08-10,13,46.46
177,16-09-10,21,106.82
177,04-10-10,18,107.38
177,20-10-10,16,81.48
177,01-11-10,12,127.36
177,12-11-10,11,78.71
177,19-11-10,7,61.88
177,26-11-10,7,64.47
177,04-12-10,8,60.96
177,17-12-10,13,65.79
177,06-01-11,20,45.72
177,20-01-11,14,49.63
177,03-02-11,14,65.8
177,11-02-11,8,55.13
177,25-02-11,14,37.31
177,12-03-11,15,60.91
177,28-03-11,16,120.84
199,02-04-10,NA,113.77
199,09-04-10,7,123.03
199,12-04-10,3,6
199,16-04-10,4,120.86
199,23-04-10,7,78.95
199,30-04-10,7,66.76
199,07-05-10,7,108.55
199,14-05-10,7,99.92
199,21-05-10,7,102.23
199,28-05-10,7,173.69
199,04-06-10,7,112.38
199,11-06-10,7,93.49
199,15-06-10,4,6
199,18-06-10,3,142.79
199,21-06-10,3,74.58
199,23-06-10,2,4.7
199,25-06-10,2,79.1
199,01-07-10,6,0.98
199,02-07-10,1,100.96
199,09-07-10,7,16.51
199,16-07-10,7,92.07
199,20-07-10,4,24
199,21-07-10,1,15
199,23-07-10,2,112.41
199,30-07-10,7,96.64
199,06-08-10,7,80.04
199,13-08-10,7,93.57
199,20-08-10,7,108.71
199,27-08-10,7,74.34
199,31-08-10,4,1.79
199,06-09-10,6,40.36
199,27-09-10,21,54.63
199,28-09-10,1,2.6
199,01-10-10,3,147.11
199,02-10-10,1,4.73
199,08-10-10,6,54.21
199,15-10-10,7,104.32
199,22-10-10,7,91.17
199,29-10-10,7,101.61
199,05-11-10,7,100.99
199,12-11-10,7,66.93
199,19-11-10,7,77.7
199,22-11-10,3,3.86
199,26-11-10,4,87.97
199,10-12-10,14,178.87
199,17-12-10,7,179.19
199,31-12-10,14,111.26
199,05-01-11,5,6
199,07-01-11,2,72.07
199,14-01-11,7,89.28
199,17-01-11,3,5
199,21-01-11,4,104.79
199,26-01-11,5,1.58
199,28-01-11,2,108.03
199,04-02-11,7,79.28
199,11-02-11,7,104.59
199,18-02-11,7,120.94
199,25-02-11,7,63.41
199,04-03-11,7,77.15
199,11-03-11,7,101.65
199,18-03-11,7,112.59
199,25-03-11,7,91.92
206,07-04-10,NA,46.2
206,13-04-10,6,38.27
206,17-04-10,4,60.21
206,21-04-10,4,31.43
206,23-04-10,2,49.62
206,30-04-10,7,44.13
206,04-05-10,4,38.68
206,13-05-10,9,46.01
206,18-05-10,5,36.77
206,21-05-10,3,46.68
206,27-05-10,6,16.74
206,28-05-10,1,36.01
206,02-06-10,5,67.81
206,08-06-10,6,24.87
206,13-06-10,5,33.75
206,18-06-10,5,59.24
206,27-06-10,9,80.93
206,03-07-10,6,24.74
206,07-07-10,4,2.89
206,13-07-10,6,51.63
206,21-07-10,8,54.79
206,22-07-10,1,18.94
206,31-07-10,9,37.78
206,06-08-10,6,83.4
206,10-08-10,4,28.12
206,12-08-10,2,39.33
206,14-08-10,2,10.88
206,18-08-10,4,33.91
206,20-08-10,2,12.65
206,23-08-10,3,29.92
206,27-08-10,4,22.8
206,01-09-10,5,47.11
206,07-09-10,6,30.52
206,09-09-10,2,13.66
206,16-09-10,7,34.91
206,24-09-10,8,59.46
206,29-09-10,5,29.43
206,05-10-10,6,37.31
206,08-10-10,3,20.2
206,14-10-10,6,69.26
206,23-10-10,9,41.61
206,26-10-10,3,45.25
206,28-10-10,2,39.31
206,02-11-10,5,31.64
206,05-11-10,3,55.7
206,13-11-10,8,50.14
206,15-11-10,2,40.08
206,16-11-10,1,16.07
206,20-11-10,4,36.48
206,24-11-10,4,46.22
206,07-12-10,13,99.11
206,15-12-10,8,26.02
206,17-12-10,2,169.39
206,31-12-10,14,35.57
206,08-01-11,8,34.11
206,18-01-11,10,62.36
206,20-01-11,2,16.16
206,25-01-11,5,17.5
206,05-02-11,11,69.74
206,13-02-11,8,80.97
206,23-02-11,10,46.86
206,27-02-11,4,59.01
206,05-03-11,6,57.73
206,07-03-11,2,27.74
206,12-03-11,5,24.31
206,17-03-11,5,30.23
206,22-03-11,5,62.37
206,31-03-11,9,14.1
208,01-04-10,NA,30.49
208,09-04-10,8,31.78
208,13-04-10,4,79.5
208,19-04-10,6,53
208,25-04-10,6,53.73
208,29-04-10,4,12.74
208,06-05-10,7,45.58
208,09-05-10,3,14.31
208,10-05-10,1,26.73
208,11-05-10,1,40.07
208,13-05-10,2,15.78
208,18-05-10,5,54.48
208,23-05-10,5,10.31
208,28-05-10,5,30.13
208,30-05-10,2,4.52
208,03-06-10,4,66.21
208,05-06-10,2,9.07
208,09-06-10,4,10.35
208,14-06-10,5,76.51
208,22-06-10,8,27.74
208,28-06-10,6,34.71
208,04-07-10,6,50.81
208,08-07-10,4,35.62
208,14-07-10,6,6.37
208,16-07-10,2,32.67
208,22-07-10,6,25.21
208,25-07-10,3,5
208,27-07-10,2,44.17
208,31-07-10,4,16.59
208,01-08-10,1,4
208,06-08-10,5,15.68
208,13-08-10,7,39.11
208,19-08-10,6,44.11
208,21-08-10,2,37.17
208,26-08-10,5,52.86
208,30-08-10,4,44.22
208,05-09-10,6,33.44
208,11-09-10,6,24.92
208,14-09-10,3,15.42
208,17-09-10,3,57.42
208,24-09-10,7,24.22
208,27-09-10,3,65.94
208,04-10-10,7,52.67
208,15-10-10,11,61.9
208,21-10-10,6,21.37
208,24-10-10,3,3.33
208,28-10-10,4,115.39
208,02-11-10,5,52.02
208,09-11-10,7,39.85
208,12-11-10,3,20.94
208,16-11-10,4,81.93
208,18-11-10,2,57.63
208,22-11-10,4,22.83
208,25-11-10,3,32.34
208,09-12-10,14,67.59
208,12-12-10,3,61.21
208,16-12-10,4,58.16
208,31-12-10,15,49.97
208,06-01-11,6,15.94
208,10-01-11,4,57.95
208,13-01-11,3,5.08
208,16-01-11,3,18.19
208,18-01-11,2,5.37
208,22-01-11,4,30.15
208,27-01-11,5,48.31
208,04-02-11,8,30.92
208,10-02-11,6,8.62
208,13-02-11,3,4.65
208,18-02-11,5,24.97
208,24-02-11,6,32.79
208,04-03-11,8,29.42
208,08-03-11,4,33.12
208,13-03-11,5,36.33
208,18-03-11,5,28.88
208,23-03-11,5,44.97
208,24-03-11,1,12.77
208,29-03-11,5,22.38
211,08-04-10,NA,9
211,10-04-10,2,27.86
211,17-04-10,7,76.34
211,19-04-10,2,24.99
211,23-04-10,4,4.65
211,26-04-10,3,23.67
211,29-04-10,3,23.47
211,30-04-10,1,16.27
211,03-05-10,3,21.06
211,06-05-10,3,5
211,07-05-10,1,30
211,10-05-10,3,15.37
211,11-05-10,1,15.92
211,13-05-10,2,7.59
211,16-05-10,3,38
211,21-05-10,5,21.19
211,22-05-10,1,27.96
211,25-05-10,3,15.67
211,28-05-10,3,3.52
211,03-06-10,6,17.95
211,05-06-10,2,55.48
211,08-06-10,3,24.47
211,10-06-10,2,9.58
211,16-06-10,6,9.22
211,18-06-10,2,17.91
211,24-06-10,6,15.53
211,02-07-10,8,21.23
211,07-07-10,5,26.3
211,09-07-10,2,6.65
211,23-07-10,14,12.01
211,29-07-10,6,13.75
211,04-08-10,6,20.41
211,12-08-10,8,4.58
211,19-08-10,7,4.56
211,26-08-10,7,17.76
211,01-09-10,6,6
211,02-09-10,1,14.29
211,04-09-10,2,47.82
211,10-09-10,6,10.11
211,13-09-10,3,5
211,15-09-10,2,72.36
211,16-09-10,1,5.6
211,23-09-10,7,10.75
211,28-09-10,5,29.35
211,30-09-10,2,7.1
211,07-10-10,7,8.58
211,10-10-10,3,20.83
211,12-10-10,2,15.08
211,15-10-10,3,17.54
211,21-10-10,6,11.33
211,27-10-10,6,31.91
211,28-10-10,1,4.42
211,30-10-10,2,26.14
211,04-11-10,5,7.76
211,06-11-10,2,4.35
211,08-11-10,2,28.55
211,13-11-10,5,22.68
211,19-11-10,6,11.6
211,22-11-10,3,31.07
211,25-11-10,3,6.88
211,26-11-10,1,5.69
211,02-12-10,6,20.3
211,09-12-10,7,18.93
211,14-12-10,5,46.8
211,16-12-10,2,3.2
211,18-12-10,2,33.08
211,20-12-10,2,53.2
211,21-12-10,1,1.69
211,22-12-10,1,11.74
211,24-12-10,2,69.14
211,28-12-10,4,20.57
211,29-12-10,1,9.2
211,31-12-10,2,21.29
211,06-01-11,6,36.66
211,12-01-11,6,22.72
211,18-01-11,6,22
211,20-01-11,2,10.71
211,22-01-11,2,15.29
211,23-01-11,1,5
211,26-01-11,3,20.04
211,27-01-11,1,66.01
211,28-01-11,1,3.6
211,01-02-11,4,12.69
211,03-02-11,2,5.41
211,10-02-11,7,15.44
211,12-02-11,2,36.68
211,17-02-11,5,9.61
211,23-02-11,6,39.29
211,24-02-11,1,8.38
211,03-03-11,7,40.26
211,04-03-11,1,18.46
211,16-03-11,12,27.73
211,21-03-11,5,31.6
211,24-03-11,3,15.79
211,29-03-11,5,17.03
211,31-03-11,2,4.68
254,01-04-10,NA,16.28
254,08-04-10,7,32.5
254,10-04-10,2,55.88
254,11-04-10,1,37.43
254,16-04-10,5,3.59
254,20-04-10,4,18.19
254,24-04-10,4,84.6
254,26-04-10,2,13.14
254,30-04-10,4,75.35
254,02-05-10,2,1.35
254,08-05-10,6,7
254,14-05-10,6,9.05
254,15-05-10,1,108.39
254,22-05-10,7,43.41
254,24-05-10,2,112.27
254,27-05-10,3,20.42
254,29-05-10,2,149.39
254,05-06-10,7,33.6
254,06-06-10,1,16.87
254,10-06-10,4,27.26
254,12-06-10,2,105.91
254,15-06-10,3,39.95
254,20-06-10,5,8
254,21-06-10,1,1.6
254,26-06-10,5,137.51
254,27-06-10,1,4.4
254,01-07-10,4,19.57
254,03-07-10,2,123.01
254,05-07-10,2,55.26
254,12-07-10,7,5
254,17-07-10,5,100.93
254,21-07-10,4,38.06
254,23-07-10,2,57.07
254,29-07-10,6,45.06
254,06-08-10,8,16.08
254,13-08-10,7,178.73
254,14-08-10,1,3.78
254,21-08-10,7,126.06
254,29-08-10,8,8.52
254,30-08-10,1,37.74
254,03-09-10,4,12.76
254,07-09-10,4,0.1
254,18-09-10,11,105.86
254,25-09-10,7,56.86
254,27-09-10,2,124.87
254,03-10-10,6,42.97
254,06-10-10,3,14
254,08-10-10,2,29.71
254,15-10-10,7,29.56
254,17-10-10,2,46.04
254,19-10-10,2,13.41
254,23-10-10,4,162.77
254,30-10-10,7,76.1
254,31-10-10,1,39.79
254,04-11-10,4,20.97
254,06-11-10,2,34.59
254,09-11-10,3,17.02
254,14-11-10,5,135.61
254,20-11-10,6,90.42
254,23-11-10,3,6.4
254,27-11-10,4,24.93
254,29-11-10,2,179.58
254,02-12-10,3,4.65
254,04-12-10,2,35.99
254,05-12-10,1,120.41
254,12-12-10,7,56.99
254,18-12-10,6,30.62
254,20-12-10,2,94.28
254,21-12-10,1,56.85
254,24-12-10,3,90.49
254,28-12-10,4,71.21
254,30-12-10,2,15.83
254,31-12-10,1,36.19
254,02-01-11,2,53.58
254,08-01-11,6,23.54
254,09-01-11,1,11.36
254,22-01-11,13,149.08
254,29-01-11,7,45.64
254,30-01-11,1,30.01
254,03-02-11,4,47.8
254,06-02-11,3,82.79
254,07-02-11,1,20
254,11-02-11,4,5.83
254,12-02-11,1,87.33
254,19-02-11,7,141.53
254,20-02-11,1,20.01
254,25-02-11,5,19.47
254,26-02-11,1,99.84
254,05-03-11,7,30.6
254,06-03-11,1,44.87
254,10-03-11,4,10.01
254,11-03-11,1,29.69
254,12-03-11,1,101.04
254,15-03-11,3,34.99
254,18-03-11,3,85.51
254,19-03-11,1,75.2
254,22-03-11,3,26.55
254,23-03-11,1,14.6
254,27-03-11,4,118.85
263,01-04-10,NA,11.49
263,03-04-10,2,3.26
263,06-04-10,3,39.9
263,08-04-10,2,96.95
263,16-04-10,8,79.89
263,22-04-10,6,92.87
263,29-04-10,7,52.88
263,06-05-10,7,70.73
263,09-05-10,3,1.6
263,13-05-10,4,103.42
263,15-05-10,2,2.58
263,20-05-10,5,85.38
263,27-05-10,7,88.44
263,31-05-10,4,34.26
263,04-06-10,4,77.59
263,06-06-10,2,30
263,10-06-10,4,102.19
263,17-06-10,7,97.49
263,24-06-10,7,92.52
263,01-07-10,7,93.73
263,06-07-10,5,30.37
263,09-07-10,3,60.65
263,15-07-10,6,107.56
263,22-07-10,7,58.08
263,25-07-10,3,6.01
263,26-07-10,1,16.21
263,30-07-10,4,73.62
263,05-08-10,6,87.86
263,09-08-10,4,25.42
263,12-08-10,3,19.63
263,13-08-10,1,18.23
263,19-08-10,6,126.13
263,21-08-10,2,11.6
263,24-08-10,3,23.28
263,27-08-10,3,69.16
263,30-08-10,3,39.7
263,02-09-10,3,91.46
263,03-09-10,1,1.57
263,09-09-10,6,113.13
263,15-09-10,6,46.4
263,16-09-10,1,41.34
263,18-09-10,2,30
263,23-09-10,5,88.14
263,25-09-10,2,5.67
263,27-09-10,2,21.41
263,30-09-10,3,71.3
263,04-10-10,4,20.07
263,07-10-10,3,77.11
263,14-10-10,7,112.87
263,21-10-10,7,96.58
263,27-10-10,6,21.29
263,29-10-10,2,76.07
263,04-11-10,6,90.37
263,10-11-10,6,40.3
263,11-11-10,1,66.28
263,18-11-10,7,112.25
263,25-11-10,7,89.19
263,01-12-10,6,75.87
263,07-12-10,6,86.01
263,09-12-10,2,8.6
263,14-12-10,5,90.52
263,16-12-10,2,93.75
263,20-12-10,4,48.06
263,22-12-10,2,24.2
263,29-12-10,7,94.67
263,31-12-10,2,19.07
263,06-01-11,6,74.22
263,11-01-11,5,78.29
263,14-01-11,3,15.08
263,17-01-11,3,3
263,20-01-11,3,65.43
263,27-01-11,7,102.79
263,03-02-11,7,73.4
263,10-02-11,7,70.29
263,14-02-11,4,45.03
263,17-02-11,3,70.22
263,24-02-11,7,78.52
263,03-03-11,7,100.39
263,10-03-11,7,86.23
263,13-03-11,3,38.48
263,17-03-11,4,73.09
263,18-03-11,1,18.21
263,22-03-11,4,42.45
263,24-03-11,2,79.73
263,31-03-11,7,108.54
271,01-04-10,NA,68.28
271,07-04-10,6,83.54
271,14-04-10,7,83.59
271,18-04-10,4,12.9
271,20-04-10,2,11.53
271,21-04-10,1,8.49
271,06-05-10,15,83.62
271,12-05-10,6,7.24
271,19-05-10,7,34.81
271,25-05-10,6,97.04
271,30-05-10,5,56.81
271,02-06-10,3,4.28
271,04-06-10,2,59.42
271,07-06-10,3,61.35
271,16-06-10,9,2.05
271,20-06-10,4,30.04
271,30-06-10,10,75.98
271,08-07-10,8,95.26
271,11-07-10,3,59.01
271,16-07-10,5,9.99
271,19-07-10,3,1.79
271,22-07-10,3,70.26
271,23-07-10,1,7.37
271,25-07-10,2,73.27
271,28-07-10,3,10.57
271,31-07-10,3,1.34
271,07-08-10,7,48.68
271,11-08-10,4,84.92
271,15-08-10,4,18.98
271,24-08-10,9,49.76
271,27-08-10,3,6.18
271,30-08-10,3,73.33
271,31-08-10,1,14.68
271,01-09-10,1,68.55
271,03-09-10,2,6.44
271,08-09-10,5,54.19
271,10-09-10,2,56.19
271,21-09-10,11,78.55
271,29-09-10,8,66.05
271,07-10-10,8,20.19
271,09-10-10,2,30.44
271,12-10-10,3,69.9
271,18-10-10,6,4.42
271,03-11-10,16,4.91
271,10-11-10,7,38.56
271,08-12-10,28,178.3
271,13-12-10,5,58.4
271,15-12-10,2,50.94
271,22-12-10,7,54.01
271,03-01-11,12,90.18
271,07-01-11,4,5.7
271,09-01-11,2,57.31
271,27-01-11,18,104.34
271,28-01-11,1,3.01
271,01-02-11,4,27.13
271,09-02-11,8,63.27
271,21-02-11,12,11.77
271,23-02-11,2,45.01
271,25-02-11,2,41.15
271,01-03-11,4,90.58
271,03-03-11,2,37.23
271,07-03-11,4,31.5
271,09-03-11,2,14.24
271,18-03-11,9,33.67
271,23-03-11,5,89.85
271,29-03-11,6,34.55
274,01-04-10,NA,155.02
274,05-04-10,4,11.74
274,08-04-10,3,45.1
274,09-04-10,1,11.71
274,17-04-10,8,110.89
274,29-04-10,12,72.07
274,08-05-10,9,18.54
274,11-05-10,3,14.04
274,13-05-10,2,135.22
274,19-05-10,6,38.14
274,21-05-10,2,62.19
274,30-05-10,9,64.79
274,05-06-10,6,45.14
274,10-06-10,5,108.63
274,13-06-10,3,77.47
274,19-06-10,6,102.68
274,23-06-10,4,36.76
274,07-07-10,14,43.98
274,08-07-10,1,90.63
274,23-07-10,15,89.37
274,21-08-10,29,64.08
274,30-08-10,9,34.76
274,05-09-10,6,4.43
274,08-09-10,3,31.27
274,20-09-10,12,105.73
274,26-09-10,6,69.77
274,16-10-10,20,122.64
274,13-11-10,28,87.3
274,18-11-10,5,39.64
274,24-11-10,6,7.48
274,27-11-10,3,6.37
274,28-11-10,1,132.17
274,05-12-10,7,89.62
274,11-12-10,6,47.64
274,13-12-10,2,6.22
274,16-12-10,3,155.65
274,19-12-10,3,76.75
274,23-12-10,4,19.12
274,24-12-10,1,57.9
274,01-01-11,8,74.49
274,11-01-11,10,42.87
274,22-01-11,11,66.55
274,26-01-11,4,3.3
274,29-01-11,3,56.19
274,07-02-11,9,59.51
274,16-02-11,9,46.31
274,19-02-11,3,97.58
274,26-02-11,7,40.33
274,02-03-11,4,99.02
274,14-03-11,12,92.27
291,02-04-10,NA,31.74
291,08-04-10,6,11.22
291,09-04-10,1,22.21
291,16-04-10,7,32.31
291,23-04-10,7,33.84
291,30-04-10,7,51.81
291,06-05-10,6,1.28
291,07-05-10,1,35.1
291,11-05-10,4,3.84
291,14-05-10,3,26.69
291,18-05-10,4,2.87
291,21-05-10,3,30.76
291,28-05-10,7,14.2
291,04-06-10,7,25.17
291,11-06-10,7,25.73
291,18-06-10,7,25.07
291,25-06-10,7,47.05
291,02-07-10,7,27.05
291,09-07-10,7,21.84
291,13-07-10,4,2.87
291,16-07-10,3,20.89
291,20-07-10,4,3.29
291,23-07-10,3,1.5
291,26-07-10,3,22.35
291,30-07-10,4,27.8
291,06-08-10,7,17.76
291,13-08-10,7,26.35
291,20-08-10,7,22.98
291,27-08-10,7,45.28
291,03-09-10,7,19.76
291,08-09-10,5,3.83
291,10-09-10,2,16.36
291,17-09-10,7,19.96
291,24-09-10,7,21.2
291,27-09-10,3,17.21
291,01-10-10,4,25.19
291,08-10-10,7,18.07
291,11-10-10,3,22.1
291,12-10-10,1,2.11
291,15-10-10,3,20.07
291,18-10-10,3,6.27
291,22-10-10,4,16.28
291,25-10-10,3,2.79
291,29-10-10,4,34.15
291,05-11-10,7,22.99
291,12-11-10,7,20.88
291,14-11-10,2,2.47
291,19-11-10,5,18.25
291,23-11-10,4,29.4
291,25-11-10,2,12.76
291,04-12-10,9,34.65
291,06-12-10,2,3.36
291,10-12-10,4,26.62
291,13-12-10,3,7.24
291,16-12-10,3,10.84
291,17-12-10,1,22
291,23-12-10,6,35.93
291,28-12-10,5,8.49
291,31-12-10,3,15.02
291,07-01-11,7,16.11
291,14-01-11,7,20.12
291,21-01-11,7,22.9
291,28-01-11,7,39.55
291,29-01-11,1,6.11
291,02-02-11,4,1.15
291,04-02-11,2,15.54
291,11-02-11,7,24.8
291,14-02-11,3,7.89
291,18-02-11,4,12.15
291,22-02-11,4,34
291,23-02-11,1,5.15
291,25-02-11,2,29.88
291,28-02-11,3,27.27
291,04-03-11,4,11.29
291,07-03-11,3,9.7
291,11-03-11,4,19.49
291,18-03-11,7,27.25
291,21-03-11,3,7.36
291,25-03-11,4,25.27
299,01-04-10,NA,60.59
299,08-04-10,7,133.84
299,15-04-10,7,88.75
299,22-04-10,7,82.02
299,11-05-10,19,190.15
299,18-05-10,7,75.91
299,30-05-10,12,0.74
299,04-06-10,5,51.51
299,08-06-10,4,85.17
299,15-06-10,7,38.97
299,18-06-10,3,11.31
299,21-06-10,3,51.45
299,27-06-10,6,30.5
299,03-07-10,6,196.25
299,28-07-10,25,14.99
299,14-08-10,17,56.76
299,12-09-10,29,7.33
299,22-10-10,40,18.31
299,12-11-10,21,8.75
299,04-12-10,22,46.41
299,07-12-10,3,53.9
299,16-12-10,9,43.86
299,20-01-11,35,56.79
299,02-02-11,13,26.05
299,07-02-11,5,94.93
299,10-02-11,3,27
299,01-03-11,19,66.87
